<projects>
  <project name="Base Project">Base Project</project>
  <project name="LED to Button">LED to Button</project>
  <project name="Blinker Demo">Blinker Demo</project>
  <project name="IO Shield Base">IO Shield Base</project>
  <project name="IO Shield Demo">IO Shield Demo</project>
  <project name="AVR Interface">AVR Interface</project>
  <project name="Serial Port Echo">Serial Port Echo</project>
  <project name="Hello World!">Hello World</project>
  <project name="Hello RAM!">Hello RAM</project>
  <project name="External IO">External IO</project>
  <project name="Analog Inputs">Analog Inputs</project>
  <project name="Basic CPU">Basic CPU</project>
  <project name="SDRAM Tester">SDRAM Tester</project>
  <project name="Reg Interface">Reg Interface</project>
  <project name="Image Capture">Image Capture</project>
</projects>